-- phpMyAdmin SQL Dump
-- version 4.9.2
-- https://www.phpmyadmin.net/
--
-- Host: 127.0.0.1:3306
-- Generation Time: Jul 31, 2021 at 10:59 AM
-- Server version: 10.4.10-MariaDB
-- PHP Version: 7.3.12

SET SQL_MODE = "NO_AUTO_VALUE_ON_ZERO";
SET AUTOCOMMIT = 0;
START TRANSACTION;
SET time_zone = "+00:00";


/*!40101 SET @OLD_CHARACTER_SET_CLIENT=@@CHARACTER_SET_CLIENT */;
/*!40101 SET @OLD_CHARACTER_SET_RESULTS=@@CHARACTER_SET_RESULTS */;
/*!40101 SET @OLD_COLLATION_CONNECTION=@@COLLATION_CONNECTION */;
/*!40101 SET NAMES utf8mb4 */;

--
-- Database: `mamuu`
--

-- --------------------------------------------------------

--
-- Table structure for table `mam_ci_session`
--

DROP TABLE IF EXISTS `mam_ci_session`;
CREATE TABLE IF NOT EXISTS `mam_ci_session` (
  `id` varchar(128) NOT NULL,
  `ip_address` varchar(45) NOT NULL,
  `timestamp` int(10) UNSIGNED NOT NULL DEFAULT 0,
  `data` blob NOT NULL,
  KEY `ci_sessions_timestamp` (`timestamp`)
) ENGINE=InnoDB DEFAULT CHARSET=latin1;

--
-- Dumping data for table `mam_ci_session`
--

INSERT INTO `mam_ci_session` (`id`, `ip_address`, `timestamp`, `data`) VALUES
('24d303a8079bd693de5dfe2f279761974022c102', '43.225.167.78', 1591862813, 0x5f5f63695f6c6173745f726567656e65726174657c693a313539313836323831333b),
('674c2b4a4ee2f9f3b02960f471e203de63f6d25d', '157.50.147.209', 1591869994, 0x5f5f63695f6c6173745f726567656e65726174657c693a313539313836393939343b),
('9107789782b67072edaacead24dadc13d3adc129', '223.181.240.27', 1592054596, 0x5f5f63695f6c6173745f726567656e65726174657c693a313539323035343539363b),
('9f0ccfb4c8c9576a9b98c9ac54e330c099d3a3f7', '42.106.186.56', 1592124911, 0x5f5f63695f6c6173745f726567656e65726174657c693a313539323132343931313b),
('49ba349facaea2036d93c5a5b3c95da7b7eee69b', '65.155.30.101', 1592489979, 0x5f5f63695f6c6173745f726567656e65726174657c693a313539323438393937393b),
('c5508da0aef3420c8d472ccd923cf25b92ec31a7', '157.50.148.144', 1592490870, 0x5f5f63695f6c6173745f726567656e65726174657c693a313539323439303833333b),
('3e396de731a28aed9d20a5f6f3a7d08bcb90862d', '117.221.216.158', 1592552307, 0x5f5f63695f6c6173745f726567656e65726174657c693a313539323535323330373b),
('a349aff76de1a261ac533fafdb714e67ab9b03aa', '106.197.37.20', 1592715153, 0x5f5f63695f6c6173745f726567656e65726174657c693a313539323731353134303b),
('9ad537d21c286953c6cc9ac0d7b2da6e368ba117', '35.203.128.0', 1592995200, 0x5f5f63695f6c6173745f726567656e65726174657c693a313539323939353135393b),
('efcee63f80944b883ec36402355be3319f9988c3', '157.50.162.140', 1593367234, 0x5f5f63695f6c6173745f726567656e65726174657c693a313539333336373233343b),
('8e40dc1f22aa90472b1f0cfc5b65352386c9ec5f', '106.198.107.202', 1593404722, 0x5f5f63695f6c6173745f726567656e65726174657c693a313539333430343730393b),
('adbde4576d0ce1989c23d0969f09fbac88da6789', '157.50.131.191', 1593432096, 0x5f5f63695f6c6173745f726567656e65726174657c693a313539333433313830373b),
('8f24015127969a1e76886bc8c4746c5ea6e2d472', '106.197.38.109', 1593502118, 0x5f5f63695f6c6173745f726567656e65726174657c693a313539333530323037323b),
('867e58f36b673f78893e0f3442eb97864bdc46be', '106.198.114.252', 1593538720, 0x5f5f63695f6c6173745f726567656e65726174657c693a313539333533383730323b),
('7ccb9d7ed65173b928f972ada47919cbeeaf8c61', '1.38.197.251', 1593665518, 0x5f5f63695f6c6173745f726567656e65726174657c693a313539333636353338323b),
('cb56bd7d5ad70bc624c3bf1569ab74627b6b9d8d', '1.38.196.93', 1593675321, 0x5f5f63695f6c6173745f726567656e65726174657c693a313539333637353332313b),
('df34c1c7deef5d9e3d5c2d08abbd1a3175187466', '157.46.0.51', 1593703703, 0x5f5f63695f6c6173745f726567656e65726174657c693a313539333730333430303b),
('119f4eaf100ccf453d5f8b857209d0c3c5a88987', '157.46.0.51', 1593703714, 0x5f5f63695f6c6173745f726567656e65726174657c693a313539333730333730383b),
('e90e66df1fe6bc423388e85b4ca177019e7e03d4', '157.46.0.51', 1593708355, 0x5f5f63695f6c6173745f726567656e65726174657c693a313539333730383335353b),
('9ab6437ba57a206917cd530dc5ad1fe037fa0921', '106.198.100.94', 1593832852, 0x5f5f63695f6c6173745f726567656e65726174657c693a313539333833323835323b),
('035f990808ca4654a872c3f3b9cedf1f00fba4f5', '157.50.117.169', 1593841766, 0x5f5f63695f6c6173745f726567656e65726174657c693a313539333834313730313b),
('6281502751e9a8eb90db6105f230457dcd2f0bc7', '157.50.99.172', 1593912816, 0x5f5f63695f6c6173745f726567656e65726174657c693a313539333931323338383b),
('58ded8e11957059912dba632003e5228c5d2d86a', '157.50.99.172', 1593913175, 0x5f5f63695f6c6173745f726567656e65726174657c693a313539333931323832313b),
('0d25ff3bfdc177fb858b506548b4cc6be938c6bb', '157.50.99.172', 1593913357, 0x5f5f63695f6c6173745f726567656e65726174657c693a313539333931333138323b),
('bcbcee29710bcdecf44ee1c0c940b4e0edb8d310', '157.50.121.40', 1594097901, 0x5f5f63695f6c6173745f726567656e65726174657c693a313539343039373930313b),
('db33ffb2923c2bb110ab2e68449e6da61afe23be', '157.50.125.156', 1594192857, 0x5f5f63695f6c6173745f726567656e65726174657c693a313539343139323835373b),
('d0020aa6bab3437ce067b555857fed05a771089f', '157.50.214.94', 1594392934, 0x5f5f63695f6c6173745f726567656e65726174657c693a313539343339323933343b),
('74b8c2a573acee0b864cd65e31fb305ce2084cb3', '157.46.16.130', 1594643026, 0x5f5f63695f6c6173745f726567656e65726174657c693a313539343634333030393b),
('669450c461b4d10bfb51f2bf179c680196196c17', '35.203.128.6', 1594705295, 0x5f5f63695f6c6173745f726567656e65726174657c693a313539343730353235323b),
('49a2ee62adb763f36e5b4679f4d10ba575956ea0', '192.241.229.71', 1594758559, 0x5f5f63695f6c6173745f726567656e65726174657c693a313539343735383535393b),
('84bb3b90c4596377c8957d31350ef8cdf65aec0f', '106.197.184.219', 1595131994, 0x5f5f63695f6c6173745f726567656e65726174657c693a313539353133313939343b),
('159f131bd4efb1625e8a82a7a61962302cb22ea0', '117.209.173.232', 1595225781, 0x5f5f63695f6c6173745f726567656e65726174657c693a313539353232353738313b),
('e3f7a19c42a42c7ccde9a064d32fa59a6f607908', '157.50.165.69', 1595418563, 0x5f5f63695f6c6173745f726567656e65726174657c693a313539353431383536333b),
('d9t996hf612ofnh2s439u146p2tg2e5d', '::1', 1596009996, 0x5f5f63695f6c6173745f726567656e65726174657c693a313539363030393737363b),
('svnnafi87dle8klkoodc196cpqfskd67', '::1', 1596010445, 0x5f5f63695f6c6173745f726567656e65726174657c693a313539363031303139393b),
('2q8s6l3p4s1k1es6icen8oqf28gldglf', '::1', 1596011173, 0x5f5f63695f6c6173745f726567656e65726174657c693a313539363031303837363b),
('lh4fcpslh3aint034n6li26jce5fmj0b', '::1', 1596011283, 0x5f5f63695f6c6173745f726567656e65726174657c693a313539363031313238333b),
('8m6s4svdksct9dqut6cti4r6d5dshg66', '::1', 1596012026, 0x5f5f63695f6c6173745f726567656e65726174657c693a313539363031323032363b),
('lc0ir0uhr6n4189b76jq4vmglctvj86n', '::1', 1596013471, 0x5f5f63695f6c6173745f726567656e65726174657c693a313539363031333437313b),
('927dagqmes5km4im2a6tp9ooqsqqspal', '::1', 1596015879, 0x5f5f63695f6c6173745f726567656e65726174657c693a313539363031353632343b),
('rapfvndlfnrp3pquoj2rmpuj43rmbl1c', '::1', 1596016308, 0x5f5f63695f6c6173745f726567656e65726174657c693a313539363031363030363b),
('8bb379193u0ivne52upetm6344ml02c4', '::1', 1596016660, 0x5f5f63695f6c6173745f726567656e65726174657c693a313539363031363430373b),
('cjaqjv01seniqe0jiic3dqmpnfgoulo6', '::1', 1596017443, 0x5f5f63695f6c6173745f726567656e65726174657c693a313539363031373338373b),
('1a1qe21gchm7l3mtcb5kjnpt8qok6ekn', '::1', 1596018342, 0x5f5f63695f6c6173745f726567656e65726174657c693a313539363031383031393b),
('fckefqkstuai3tl4qihnrhf664jc2gvm', '::1', 1596018525, 0x5f5f63695f6c6173745f726567656e65726174657c693a313539363031383334373b),
('4nlvodppevpudak8j8rc7ovf7neqkgt1', '::1', 1596018735, 0x5f5f63695f6c6173745f726567656e65726174657c693a313539363031383732393b),
('fv8dlcc1k2pukl9i5i16t2idp3d2s6od', '::1', 1596438648, 0x5f5f63695f6c6173745f726567656e65726174657c693a313539363433383532313b),
('sc8m3a4noqd5gihnkumgescumhef7jdq', '::1', 1596441218, 0x5f5f63695f6c6173745f726567656e65726174657c693a313539363434313139363b),
('kkpl2vhabjd3evolh5h87kj90s1bn8b3', '::1', 1596772262, 0x5f5f63695f6c6173745f726567656e65726174657c693a313539363737323233353b),
('0reo8n9179o8il7ffj0b84mv04a7l59r', '::1', 1596773779, 0x5f5f63695f6c6173745f726567656e65726174657c693a313539363737333633393b),
('ucfdnqthuov07nq2nq43c3r10a6fcmk9', '::1', 1596774474, 0x5f5f63695f6c6173745f726567656e65726174657c693a313539363737343231333b),
('kpdat5u66mcis1ddr57q84bev5t15igi', '::1', 1596774916, 0x5f5f63695f6c6173745f726567656e65726174657c693a313539363737343632323b),
('i7e6qt772iivnadral1k8cgjkibp4g03', '::1', 1596775235, 0x5f5f63695f6c6173745f726567656e65726174657c693a313539363737343932393b),
('7b9f5j8hv5dnugp06f6nvb75gp05h25u', '::1', 1596775429, 0x5f5f63695f6c6173745f726567656e65726174657c693a313539363737353233383b),
('l5dr3b6ssk50mqa0635pt81ubmirn2gv', '::1', 1596776224, 0x5f5f63695f6c6173745f726567656e65726174657c693a313539363737353637383b),
('mqbsvhv3n46pprtl29j0r8o2kooh6v0g', '::1', 1596776355, 0x5f5f63695f6c6173745f726567656e65726174657c693a313539363737363235303b),
('p11d5upnel3t292q9f90humg6jhee792', '::1', 1596777227, 0x5f5f63695f6c6173745f726567656e65726174657c693a313539363737363937383b),
('kbknr81t6t0mbcn92p7v3taivkldosf0', '::1', 1596777464, 0x5f5f63695f6c6173745f726567656e65726174657c693a313539363737373238303b),
('j9r3q09rn34pu9ljlmgi5b1t4qc7bkoc', '::1', 1596779471, 0x5f5f63695f6c6173745f726567656e65726174657c693a313539363737393238343b),
('tpu65i3tod0gpvlhupc0crr24vjemv4c', '::1', 1596779633, 0x5f5f63695f6c6173745f726567656e65726174657c693a313539363737393633333b),
('cm7t5q2ip93m7bgpih6p5jedghleaepf', '::1', 1596780259, 0x5f5f63695f6c6173745f726567656e65726174657c693a313539363738303231363b),
('421kc1d68k1manv2ob3v4t55rca9nl3j', '::1', 1596780550, 0x5f5f63695f6c6173745f726567656e65726174657c693a313539363738303535303b);

-- --------------------------------------------------------

--
-- Table structure for table `mam_failure_log`
--

DROP TABLE IF EXISTS `mam_failure_log`;
CREATE TABLE IF NOT EXISTS `mam_failure_log` (
  `log_id` int(255) NOT NULL AUTO_INCREMENT,
  `log_entertime` datetime NOT NULL,
  `log_enter_ipaddress` varchar(200) NOT NULL,
  `log_result` int(11) NOT NULL DEFAULT 0,
  `log_valid_till` varchar(200) NOT NULL,
  `log_browser` int(11) NOT NULL,
  `log_time_of_sec` varchar(200) NOT NULL,
  `log_user` int(11) NOT NULL,
  `log_last_accessed` varchar(200) NOT NULL,
  `log_session_id` varchar(300) NOT NULL,
  `log_password` varchar(500) NOT NULL,
  PRIMARY KEY (`log_id`)
) ENGINE=InnoDB AUTO_INCREMENT=46 DEFAULT CHARSET=latin1;

--
-- Dumping data for table `mam_failure_log`
--

INSERT INTO `mam_failure_log` (`log_id`, `log_entertime`, `log_enter_ipaddress`, `log_result`, `log_valid_till`, `log_browser`, `log_time_of_sec`, `log_user`, `log_last_accessed`, `log_session_id`, `log_password`) VALUES
(1, '2017-01-29 22:29:13', '157.50.123.222', 0, '1485710593', 0, '2017-01-29 22:29:13', 0, '1485709153', '86b6b7ab9f5e91cefc8b2936b7e2a3db88904913', 'admin'),
(2, '2017-01-29 22:29:38', '157.50.123.222', 0, '1485710618', 0, '2017-01-29 22:29:38', 0, '1485709178', '86b6b7ab9f5e91cefc8b2936b7e2a3db88904913', 'admin'),
(3, '2017-01-30 10:18:46', '59.96.44.97', 0, '1485753166', 0, '2017-01-30 10:18:46', 0, '1485751726', '5bf829f8a9e60059b62a4867b994bcc02ccca9c4', 'admin'),
(4, '2017-01-30 10:30:00', '157.50.54.205', 0, '1485753840', 0, '2017-01-30 10:30:00', 0, '1485752400', '28d012e07479fd7b3285144d6a489076eda4ad85', 'admin'),
(5, '2017-01-30 10:30:16', '157.50.54.205', 0, '1485753856', 0, '2017-01-30 10:30:16', 0, '1485752416', '28d012e07479fd7b3285144d6a489076eda4ad85', 'admin'),
(6, '2017-01-30 11:41:32', '59.96.44.97', 0, '1485758132', 0, '2017-01-30 11:41:32', 0, '1485756692', 'e97fd650e693dd94ac122c554d5faf04b7957e9d', 'ijaser'),
(7, '2017-01-31 16:48:06', '117.222.181.156', 0, '1485862926', 0, '2017-01-31 16:48:06', 0, '1485861486', 'b2e14f6a89ba1f314a846abc74ab5bd9d12b7573', 'admin'),
(8, '2017-01-31 16:48:12', '117.222.181.156', 0, '1485862932', 0, '2017-01-31 16:48:12', 0, '1485861492', 'b2e14f6a89ba1f314a846abc74ab5bd9d12b7573', 'admin'),
(9, '2017-02-02 11:11:44', '117.206.107.122', 0, '1486015544', 0, '2017-02-02 11:11:44', 0, '1486014104', '2f38193e4f52abe0e97da41a364debc21ee9fe4c', 'admin'),
(10, '2017-03-15 10:39:17', '59.92.95.199', 0, '1489555997', 0, '2017-03-15 10:39:17', 0, '1489554557', '79cfdc46d5d54739d06961d934ee7f7168b7e834', 'admin'),
(11, '2017-03-15 10:41:15', '59.92.95.199', 0, '1489556115', 0, '2017-03-15 10:41:15', 0, '1489554675', '79cfdc46d5d54739d06961d934ee7f7168b7e834', 'admin'),
(12, '2017-03-15 10:41:55', '59.92.95.199', 0, '1489556155', 0, '2017-03-15 10:41:55', 0, '1489554715', '79cfdc46d5d54739d06961d934ee7f7168b7e834', 'ijaser'),
(13, '2017-03-15 10:43:05', '59.92.95.199', 0, '1489556225', 0, '2017-03-15 10:43:05', 0, '1489554785', '9c5db189a4ecb85427c68fa8a56d7c31c4616041', 'admin'),
(14, '2017-03-15 10:43:15', '59.92.95.199', 0, '1489556235', 0, '2017-03-15 10:43:15', 0, '1489554795', '9c5db189a4ecb85427c68fa8a56d7c31c4616041', 'Ocean@16'),
(15, '2017-03-15 10:48:30', '59.92.95.199', 0, '1489556550', 0, '2017-03-15 10:48:30', 0, '1489555110', '1f83c2ee6f7e18afd11f8c12cc4e1e1a77c72cf3', 'ijaser'),
(16, '2017-03-15 10:59:51', '59.92.95.199', 0, '1489557231', 0, '2017-03-15 10:59:51', 0, '1489555791', '902fbf182c4ea789364387e6cad86a1a03dc78e5', 'admin'),
(17, '2017-03-15 11:08:20', '59.92.95.199', 0, '1489557740', 0, '2017-03-15 11:08:20', 0, '1489556300', '8b4a1258ccfabb4a9771c243aede4d7750857a36', 'admin'),
(18, '2017-03-15 11:08:33', '59.92.95.199', 0, '1489557753', 0, '2017-03-15 11:08:33', 0, '1489556313', '8b4a1258ccfabb4a9771c243aede4d7750857a36', 'admin'),
(19, '2017-03-15 11:08:40', '59.92.95.199', 0, '1489557760', 0, '2017-03-15 11:08:40', 0, '1489556320', '8b4a1258ccfabb4a9771c243aede4d7750857a36', '123'),
(20, '2017-03-15 11:39:00', '59.92.95.199', 0, '1489559580', 0, '2017-03-15 11:39:00', 0, '1489558140', 'e73529113540317ab3f062d099635c0d36152a14', 'ijaser'),
(21, '2017-03-15 11:39:05', '59.92.95.199', 0, '1489559585', 0, '2017-03-15 11:39:05', 0, '1489558145', 'e73529113540317ab3f062d099635c0d36152a14', 'ijaser@123'),
(22, '2017-04-25 09:08:50', '103.207.5.26', 0, '1493092970', 0, '2017-04-25 09:08:50', 0, '1493091530', 'd2f6ccb96fb7d13610467e9451c08fe0b4c7c301', 'ijaser'),
(23, '2017-04-27 13:01:08', '103.207.5.26', 0, '1493279708', 0, '2017-04-27 13:01:08', 0, '1493278268', '9818f21a7d8d4ee8a4301a7bdb78e398d8faf51a', 'Ijaser2017'),
(24, '2017-04-27 13:01:24', '103.207.5.26', 0, '1493279724', 0, '2017-04-27 13:01:24', 0, '1493278284', '9818f21a7d8d4ee8a4301a7bdb78e398d8faf51a', 'alameen'),
(25, '2017-06-09 01:24:37', '37.106.172.245', 0, '1496953117', 0, '2017-06-09 01:24:37', 0, '1496951677', 'f4a7b32bd970dca2f511daa3ebe5aa092dc2cbd9', '\'or 1=1 limit 1-- -+'),
(26, '2017-06-09 01:24:47', '37.106.172.245', 0, '1496953127', 0, '2017-06-09 01:24:47', 0, '1496951687', 'f4a7b32bd970dca2f511daa3ebe5aa092dc2cbd9', 'admin'),
(27, '2018-02-10 19:55:54', '107.167.112.129', 0, '1518274194', 0, '2018-02-10 19:55:54', 0, '1518272754', 'c6fed9dd087d92c280163481c48d47db97161a98', '\'=\'\'or\''),
(28, '2018-02-10 19:56:16', '107.167.112.129', 0, '1518274216', 0, '2018-02-10 19:56:16', 0, '1518272776', 'c6fed9dd087d92c280163481c48d47db97161a98', 'admin'),
(29, '2018-03-07 16:57:09', '223.181.254.13', 0, '1520423469', 0, '2018-03-07 16:57:09', 0, '1520422029', 'bdee45f593922ec4ecc54dcdd9f7658f61067329', 'ijaser'),
(30, '2018-03-09 10:22:02', '42.111.200.229', 0, '1520572562', 0, '2018-03-09 10:22:02', 0, '1520571122', 'c8a68e0071f9db7596534db6c643c09b35b36502', 'admin'),
(31, '2018-04-24 15:44:40', '103.207.5.26', 0, '1524566320', 0, '2018-04-24 15:44:40', 0, '1524564880', '7ed570a21641fe5b8a15ec28df229308b3ad5e2d', 'admin@123'),
(32, '2018-04-24 15:44:55', '103.207.5.26', 0, '1524566335', 0, '2018-04-24 15:44:55', 0, '1524564895', '7ed570a21641fe5b8a15ec28df229308b3ad5e2d', 'admin#123'),
(33, '2018-04-24 15:55:08', '103.207.5.26', 0, '1524566948', 0, '2018-04-24 15:55:08', 0, '1524565508', 'cc3e2c610f66d94b74bb3334a60762239cc590bf', 'adminj'),
(34, '2018-10-03 11:19:06', '103.207.5.26', 0, '1538547186', 0, '2018-10-03 11:19:06', 0, '1538545746', '9671232a8ec5121bb55808ef333b83ef5b223eb2', 'admin#123'),
(35, '2019-03-02 17:00:11', '103.207.5.26', 0, '1551527651', 0, '2019-03-02 17:00:11', 0, '1551526211', '214e1039a71b349fe19977ccf332b5d21889c6e9', 'admin'),
(36, '2019-03-02 17:00:21', '103.207.5.26', 0, '1551527661', 0, '2019-03-02 17:00:21', 0, '1551526221', '214e1039a71b349fe19977ccf332b5d21889c6e9', 'ijaser'),
(37, '2019-03-02 17:00:49', '103.207.5.26', 0, '1551527689', 0, '2019-03-02 17:00:49', 0, '1551526249', '214e1039a71b349fe19977ccf332b5d21889c6e9', 'ijaser'),
(38, '2019-04-24 13:49:11', '::1', 0, '1556095391', 0, '2019-04-24 13:49:11', 0, '1556093951', 'a34c91c3cc3a94b1b46d974e88b532a40702a8ff', 'admin'),
(39, '2019-04-24 13:59:25', '::1', 0, '1556096005', 0, '2019-04-24 13:59:25', 0, '1556094565', 'c20587f9083f4bca0803da8ce93630e58728649b', 'damin'),
(40, '2019-06-18 15:59:22', '::1', 0, '1560855202', 0, '2019-06-18 15:59:22', 0, '1560853762', 'fba1316e08b3423ccd31c35deaeed6efa4f99044', 'aaa'),
(41, '2019-07-03 09:10:16', '::1', 0, '1562126656', 0, '2019-07-03 09:10:16', 0, '1562125216', 'beb5242ed9ce9fc9019a066cf842065079e8b516', 'admin'),
(42, '2019-07-03 18:27:05', '::1', 0, '1562160065', 0, '2019-07-03 18:27:05', 0, '1562158625', '5b64ad49c29e4670773c39e47487f42b53da2e0a', 'admin'),
(43, '2019-07-04 09:59:48', '210.16.85.150', 0, '1562216028', 0, '2019-07-04 09:59:48', 0, '1562214588', '35cfd3bc25d1f7df202fc979c9520509d728b7f6', 'ADMIN'),
(44, '2019-07-04 09:59:54', '210.16.85.150', 0, '1562216034', 0, '2019-07-04 09:59:54', 0, '1562214594', '35cfd3bc25d1f7df202fc979c9520509d728b7f6', 'ADMIN'),
(45, '2019-07-09 16:00:04', '::1', 0, '1562669644', 0, '2019-07-09 16:00:04', 0, '1562668204', '06dd9ce9651c40dfc30a301a177246442a30ed81', 'panchayat');

-- --------------------------------------------------------

--
-- Table structure for table `mam_log`
--

DROP TABLE IF EXISTS `mam_log`;
CREATE TABLE IF NOT EXISTS `mam_log` (
  `log_id` int(255) NOT NULL AUTO_INCREMENT,
  `log_entertime` datetime NOT NULL,
  `log_enter_ipaddress` varchar(200) NOT NULL,
  `log_result` int(11) NOT NULL DEFAULT 0,
  `log_valid_till` varchar(200) NOT NULL,
  `log_browser` varchar(500) NOT NULL,
  `log_time_of_sec` datetime NOT NULL,
  `log_user` int(11) NOT NULL,
  `log_last_accessed` varchar(200) NOT NULL,
  `log_session_id` varchar(300) NOT NULL,
  `log_removed` int(11) NOT NULL DEFAULT 0,
  `log_is_admin` int(11) NOT NULL DEFAULT 1,
  PRIMARY KEY (`log_id`)
) ENGINE=InnoDB AUTO_INCREMENT=146 DEFAULT CHARSET=latin1;

--
-- Dumping data for table `mam_log`
--

INSERT INTO `mam_log` (`log_id`, `log_entertime`, `log_enter_ipaddress`, `log_result`, `log_valid_till`, `log_browser`, `log_time_of_sec`, `log_user`, `log_last_accessed`, `log_session_id`, `log_removed`, `log_is_admin`) VALUES
(1, '2017-01-28 13:47:53', '117.222.181.129', 1, '1485607313', 'Mozilla/5.0 (Windows NT 6.1) AppleWebKit/537.36 (KHTML, like Gecko) Chrome/55.0.2883.87 Safari/537.36', '2017-01-28 13:48:09', 1, '1485591489', '7e931549a7d0cadf8f8d76c42062491b485793dc', 0, 1),
(2, '2017-01-29 19:59:47', '117.241.89.57', 1, '1485716027', 'Mozilla/5.0 (Windows NT 6.1; rv:51.0) Gecko/20100101 Firefox/51.0', '2017-01-29 20:00:05', 1, '1485700205', '5ec988cbcd511aa65e5a49da1d32761743bb8743', 0, 1),
(3, '2017-01-30 10:19:30', '59.96.44.97', 1, '1485826650', 'Mozilla/5.0 (Windows NT 6.2) AppleWebKit/537.36 (KHTML, like Gecko) Chrome/55.0.2883.87 Safari/537.36', '2017-01-30 12:02:00', 1, '1485757920', '5bf829f8a9e60059b62a4867b994bcc02ccca9c4', 0, 1),
(4, '2017-01-30 11:42:29', '59.96.44.97', 1, '1485776909', 'Mozilla/5.0 (Windows NT 6.1) AppleWebKit/537.36 (KHTML, like Gecko) Chrome/55.0.2883.87 Safari/537.36', '2017-01-30 11:46:44', 1, '1485757004', 'e97fd650e693dd94ac122c554d5faf04b7957e9d', 0, 1),
(5, '2017-01-30 12:52:49', '103.207.5.26', 1, '1485784009', 'Mozilla/5.0 (Windows NT 6.1) AppleWebKit/537.36 (KHTML, like Gecko) Chrome/56.0.2924.76 Safari/537.36', '2017-01-30 12:56:28', 1, '1485761188', 'c03aa2ac63a87c3cc839049f036f765dda5224aa', 0, 1),
(6, '2017-01-30 14:05:40', '103.207.5.26', 1, '1486109500', 'Mozilla/5.0 (Windows NT 5.1) AppleWebKit/537.36 (KHTML, like Gecko) Chrome/49.0.2623.112 Safari/537.36', '2017-01-30 15:50:37', 1, '1485771637', '5074d42aaca1ef670e4843c2a952f6c3a19f7ea5', 0, 1),
(7, '2017-01-30 16:48:22', '103.207.5.26', 1, '1486120702', 'Mozilla/5.0 (Windows NT 5.1) AppleWebKit/537.36 (KHTML, like Gecko) Chrome/49.0.2623.112 Safari/537.36', '2017-01-30 19:10:05', 1, '1485783605', '35c66e666b9639eb6951ee487a21ddd8a0c07a08', 0, 1),
(8, '2017-01-31 16:16:22', '117.222.181.156', 1, '1485873982', 'Mozilla/5.0 (Windows NT 6.2) AppleWebKit/537.36 (KHTML, like Gecko) Chrome/55.0.2883.87 Safari/537.36', '2017-01-31 16:19:27', 1, '1485859767', 'ff4880de20941480558cde275419c4859bd1f0ff', 0, 1),
(9, '2017-01-31 16:35:53', '103.207.5.26', 1, '1485880913', 'Mozilla/5.0 (Windows NT 5.1) AppleWebKit/537.36 (KHTML, like Gecko) Chrome/49.0.2623.112 Safari/537.36', '2017-01-31 16:40:43', 1, '1485861043', 'eb74a1520ed3b4b6786092abbb88a21e841b76e6', 0, 1),
(10, '2017-01-31 16:46:20', '103.207.5.26', 1, '1485874340', 'Mozilla/5.0 (Windows NT 5.1) AppleWebKit/537.36 (KHTML, like Gecko) Chrome/49.0.2623.112 Safari/537.36', '2017-01-31 16:46:46', 1, '1485861406', 'bb8797e8b9fe8399794643f10a3e9d17e5c3845a', 0, 1),
(11, '2017-01-31 16:48:22', '117.222.181.156', 1, '1485870142', 'Mozilla/5.0 (Windows NT 6.1) AppleWebKit/537.36 (KHTML, like Gecko) Chrome/55.0.2883.87 Safari/537.36', '2017-01-31 16:48:43', 1, '1485861523', 'b2e14f6a89ba1f314a846abc74ab5bd9d12b7573', 0, 1),
(12, '2017-02-02 11:11:58', '117.206.107.122', 1, '1486037158', 'Mozilla/5.0 (Windows NT 6.1) AppleWebKit/537.36 (KHTML, like Gecko) Chrome/55.0.2883.87 Safari/537.36', '2017-02-02 11:35:52', 1, '1486015552', '2f38193e4f52abe0e97da41a364debc21ee9fe4c', 0, 1),
(13, '2017-02-02 11:19:06', '117.206.107.122', 1, '1486024626', 'Mozilla/5.0 (Windows NT 6.2) AppleWebKit/537.36 (KHTML, like Gecko) Chrome/55.0.2883.87 Safari/537.36', '2017-02-02 11:19:27', 1, '1486014567', '0d4831a4d3f5478ef9a459bb6e4723437ac2b072', 0, 1),
(14, '2017-03-15 11:40:03', '59.92.95.199', 1, '1489582683', 'Mozilla/5.0 (Windows NT 6.2) AppleWebKit/537.36 (KHTML, like Gecko) Chrome/56.0.2924.87 Safari/537.36', '2017-03-15 11:49:21', 1, '1489558761', 'e73529113540317ab3f062d099635c0d36152a14', 0, 1),
(15, '2017-03-15 11:45:26', '59.92.95.199', 1, '1489584446', 'Mozilla/5.0 (Windows NT 6.1; rv:51.0) Gecko/20100101 Firefox/51.0', '2017-03-15 13:00:37', 1, '1489563037', '56c5bdee8638ee073e6dd8ef1d8f6abfcc752d44', 0, 1),
(16, '2017-03-15 17:13:22', '117.206.102.51', 1, '1489598362', 'Mozilla/5.0 (Windows NT 6.1; rv:51.0) Gecko/20100101 Firefox/51.0', '2017-03-15 17:21:01', 1, '1489578661', 'fedab6aca4fa6a1a1a15a00df48f18b62098bfc1', 0, 1),
(17, '2017-04-06 10:22:29', '117.203.159.57', 1, '1491458669', 'Mozilla/5.0 (Windows NT 6.1) AppleWebKit/537.36 (KHTML, like Gecko) Chrome/56.0.2924.87 Safari/537.36', '2017-04-06 10:22:31', 1, '1491454351', '7dc34dd8516c5e291a00f47ab2872abd337a469c', 0, 1),
(18, '2017-04-06 10:22:31', '117.203.159.57', 1, '1491506191', 'Mozilla/5.0 (Windows NT 6.1) AppleWebKit/537.36 (KHTML, like Gecko) Chrome/56.0.2924.87 Safari/537.36', '2017-04-06 10:46:39', 1, '1491455799', '7dc34dd8516c5e291a00f47ab2872abd337a469c', 0, 1),
(19, '2017-04-06 10:43:58', '103.207.5.26', 1, '1491510358', 'Mozilla/5.0 (Windows NT 5.1) AppleWebKit/537.36 (KHTML, like Gecko) Chrome/49.0.2623.112 Safari/537.36', '2017-04-06 10:51:56', 1, '1491456116', '1ef00d47d31ec6a7386dbbd130dff665586ffdf9', 0, 1),
(20, '2017-04-11 11:33:52', '103.207.5.26', 1, '1491916552', 'Mozilla/5.0 (Windows NT 6.1) AppleWebKit/537.36 (KHTML, like Gecko) Chrome/57.0.2987.133 Safari/537.36', '2017-04-11 11:44:20', 1, '1491891260', 'a6790c71e912be0bed476dcd0bd5aa2f9f0836fc', 0, 1),
(21, '2017-04-11 11:52:44', '103.207.5.26', 1, '1492112084', 'Mozilla/5.0 (Windows NT 6.1) AppleWebKit/537.36 (KHTML, like Gecko) Chrome/57.0.2987.133 Safari/537.36', '2017-04-11 14:24:55', 1, '1491900895', 'a088fd974ee7f12186ad87326b907c26ecee49a0', 0, 1),
(22, '2017-04-25 09:09:03', '103.207.5.26', 1, '1493444343', 'Mozilla/5.0 (Windows NT 6.1) AppleWebKit/537.36 (KHTML, like Gecko) Chrome/57.0.2987.133 Safari/537.36', '2017-04-25 09:21:29', 1, '1493092289', 'd2f6ccb96fb7d13610467e9451c08fe0b4c7c301', 0, 1),
(23, '2017-04-27 10:02:16', '103.207.5.26', 1, '1493296336', 'Mozilla/5.0 (Windows NT 5.1) AppleWebKit/537.36 (KHTML, like Gecko) Chrome/49.0.2623.112 Safari/537.36', '2017-04-27 10:44:58', 1, '1493270098', '36a2458f2bb2a4892e8e0255507c51f82b96fc99', 0, 1),
(24, '2017-04-27 13:01:59', '103.207.5.26', 1, '1493321519', 'Mozilla/5.0 (Windows NT 5.1) AppleWebKit/537.36 (KHTML, like Gecko) Chrome/49.0.2623.112 Safari/537.36', '2017-04-27 13:28:06', 1, '1493279886', '9818f21a7d8d4ee8a4301a7bdb78e398d8faf51a', 0, 1),
(25, '2017-04-27 13:47:59', '103.207.5.26', 1, '1493427959', 'Mozilla/5.0 (Windows NT 5.1) AppleWebKit/537.36 (KHTML, like Gecko) Chrome/49.0.2623.112 Safari/537.36', '2017-04-27 14:39:43', 1, '1493284183', '6ab5e758a055563382f9d01cf45dc4cc7080769e', 0, 1),
(26, '2017-04-27 15:47:33', '103.207.5.26', 1, '1493301213', 'Mozilla/5.0 (Windows NT 6.1) AppleWebKit/537.36 (KHTML, like Gecko) Chrome/57.0.2987.133 Safari/537.36', '2017-04-27 15:50:04', 1, '1493288404', 'd3d66b4959d682433d5d87e39709742c2a1403c3', 0, 1),
(27, '2017-04-29 10:00:22', '103.207.5.26', 1, '1493464702', 'Mozilla/5.0 (Windows NT 5.1) AppleWebKit/537.36 (KHTML, like Gecko) Chrome/49.0.2623.112 Safari/537.36', '2017-04-29 10:06:46', 1, '1493440606', '8db6dc842777a269cb6d0e0926281a3ceddcb03d', 0, 1),
(28, '2017-04-29 10:06:55', '103.207.5.26', 1, '1493455015', 'Mozilla/5.0 (Windows NT 5.1) AppleWebKit/537.36 (KHTML, like Gecko) Chrome/49.0.2623.112 Safari/537.36', '2017-04-29 10:20:27', 1, '1493441427', '608f72302eb79c763a98e922af0f15c64626327e', 0, 1),
(29, '2017-04-29 11:43:14', '103.207.5.26', 1, '1493584634', 'Mozilla/5.0 (Windows NT 5.1) AppleWebKit/537.36 (KHTML, like Gecko) Chrome/49.0.2623.112 Safari/537.36', '2017-04-29 12:45:23', 1, '1493450123', 'e63d7a23e3bd0fde08265f74e8242f3aeaeef192', 0, 1),
(30, '2017-04-29 13:43:16', '103.207.5.26', 1, '1493629276', 'Mozilla/5.0 (Windows NT 5.1) AppleWebKit/537.36 (KHTML, like Gecko) Chrome/49.0.2623.112 Safari/537.36', '2017-04-29 15:28:54', 1, '1493459934', 'd529c5c8eabf187821d27114c7baa58b9e158e34', 0, 1),
(31, '2017-04-29 15:31:01', '103.207.5.26', 1, '1493473021', 'Mozilla/5.0 (Windows NT 5.1) AppleWebKit/537.36 (KHTML, like Gecko) Chrome/49.0.2623.112 Safari/537.36', '2017-04-29 15:33:35', 1, '1493460215', '643973a55ab1aa1c8e6e8d98672d7f1d463c8a61', 0, 1),
(32, '2017-05-27 13:41:42', '103.207.5.26', 1, '1496048382', 'Mozilla/5.0 (Windows NT 5.1) AppleWebKit/537.36 (KHTML, like Gecko) Chrome/49.0.2623.112 Safari/537.36', '2017-05-27 15:12:23', 1, '1495878143', '8f6ce9673ad6883dec798d250b701acdc8b5c900', 0, 1),
(33, '2017-05-29 09:53:26', '103.207.5.26', 1, '1496170046', 'Mozilla/5.0 (Windows NT 5.1) AppleWebKit/537.36 (KHTML, like Gecko) Chrome/49.0.2623.112 Safari/537.36', '2017-05-29 11:05:07', 1, '1496036107', '5e0c1cea542dfc781a27ec1d9e30269d7aab77bc', 0, 1),
(34, '2017-06-01 16:37:39', '103.207.5.26', 1, '1496342619', 'Mozilla/5.0 (Windows NT 6.1) AppleWebKit/537.36 (KHTML, like Gecko) Chrome/58.0.3029.110 Safari/537.36', '2017-06-01 16:38:48', 1, '1496315328', '83786a2c028f405c2213cb41db4de65ccc81ee95', 0, 1),
(35, '2017-06-05 14:16:31', '103.207.5.26', 1, '1496812231', 'Mozilla/5.0 (Windows NT 5.1; rv:52.0) Gecko/20100101 Firefox/52.0', '2017-06-05 16:42:08', 1, '1496661128', 'f05be464997462a59fb5aedaad61a9f9db3967b0', 0, 1),
(36, '2017-11-23 09:51:03', '61.12.78.58', 1, '1511429583', 'Mozilla/5.0 (Windows NT 6.1) AppleWebKit/537.36 (KHTML, like Gecko) Chrome/62.0.3202.94 Safari/537.36', '2017-11-23 09:52:12', 1, '1511410932', 'c12e4ce81e5a5ae0ab717db62fda5a57b3aad12c', 0, 1),
(37, '2017-11-23 09:55:03', '61.12.78.58', 1, '1511419743', 'Mozilla/5.0 (Windows NT 6.1) AppleWebKit/537.36 (KHTML, like Gecko) Chrome/62.0.3202.94 Safari/537.36', '2017-11-23 09:59:54', 1, '1511411394', '872ba8e5d34024080f2cb70708266358cd5f2654', 0, 1),
(38, '2018-03-07 16:57:26', '223.181.254.13', 1, '1520435006', 'Mozilla/5.0 (Linux; Android 7.0; Lenovo K33a42 Build/NRD90N) AppleWebKit/537.36 (KHTML, like Gecko) Chrome/64.0.3282.137 Mobile Safari/537.36', '2018-03-07 16:58:04', 1, '1520422084', 'bdee45f593922ec4ecc54dcdd9f7658f61067329', 0, 1),
(39, '2018-03-09 09:43:19', '61.12.78.58', 1, '1520591839', 'Mozilla/5.0 (Windows NT 6.1) AppleWebKit/537.36 (KHTML, like Gecko) Chrome/64.0.3282.186 Safari/537.36', '2018-03-09 10:03:54', 1, '1520570034', '0c2fc58cf44806a8bedd8a6ccee0ca6a9ff86a87', 0, 1),
(40, '2018-03-09 10:33:04', '117.221.216.162', 1, '1520574664', 'Mozilla/5.0 (X11; Ubuntu; Linux x86_64; rv:57.0) Gecko/20100101 Firefox/57.0', '2018-03-09 10:33:04', 1, '1520571784', 'b04c77fef8822e0f09e0bf5239722b3380d5de79', 0, 1),
(41, '2018-03-09 10:34:13', '42.111.200.229', 1, '1520581933', 'Mozilla/5.0 (Windows NT 6.1; Win64; x64) AppleWebKit/537.36 (KHTML, like Gecko) Chrome/65.0.3325.146 Safari/537.36', '2018-03-09 10:35:21', 1, '1520571921', '3a141bea97ca02f513e65c047148e4257a3e96db', 0, 1),
(42, '2018-03-09 10:47:23', '103.207.5.26', 1, '1520597123', 'Mozilla/5.0 (Windows NT 6.1) AppleWebKit/537.36 (KHTML, like Gecko) Chrome/64.0.3282.186 Safari/537.36', '2018-03-09 10:59:42', 1, '1520573382', '3118c3c00643cf401debd8434cba77fa291f307c', 0, 1),
(43, '2018-04-24 15:54:37', '42.111.131.63', 1, '1524568357', 'Mozilla/5.0 (Windows NT 6.1; Win64; x64) AppleWebKit/537.36 (KHTML, like Gecko) Chrome/65.0.3325.181 Safari/537.36', '2018-04-24 15:54:38', 1, '1524565478', 'd848c0beb583accfcd0144a70e99b17ffc403115', 0, 1),
(44, '2018-04-24 15:55:15', '103.207.5.26', 1, '1524594315', 'Mozilla/5.0 (Windows NT 6.1) AppleWebKit/537.36 (KHTML, like Gecko) Chrome/66.0.3359.117 Safari/537.36', '2018-04-24 16:00:10', 1, '1524565810', 'cc3e2c610f66d94b74bb3334a60762239cc590bf', 0, 1),
(45, '2018-04-24 16:00:28', '103.207.5.26', 1, '1524606148', 'Mozilla/5.0 (Windows NT 6.1) AppleWebKit/537.36 (KHTML, like Gecko) Chrome/66.0.3359.117 Safari/537.36', '2018-04-24 16:22:34', 1, '1524567154', '14596bb60f6c15f786da500b3158b31672667abf', 0, 1),
(46, '2018-05-11 16:18:35', '103.207.5.26', 1, '1526175395', 'Mozilla/5.0 (Windows NT 6.1) AppleWebKit/537.36 (KHTML, like Gecko) Chrome/66.0.3359.139 Safari/537.36', '2018-05-11 16:43:51', 1, '1526037231', '8d6c3ad4a18c1c8e632988ef7a727d082d839aa6', 0, 1),
(47, '2018-05-12 10:45:01', '103.207.5.26', 1, '1526339701', 'Mozilla/5.0 (Windows NT 6.1) AppleWebKit/537.36 (KHTML, like Gecko) Chrome/66.0.3359.139 Safari/537.36', '2018-05-12 12:20:24', 1, '1526107824', '9bb9087db57a6cbf64442a90cb0b1c36cda36da0', 0, 1),
(48, '2018-05-15 19:33:42', '157.51.169.255', 1, '1526616222', 'Mozilla/5.0 (Windows NT 6.1) AppleWebKit/537.36 (KHTML, like Gecko) Chrome/65.0.3325.162 Safari/537.36', '2018-05-15 21:16:02', 1, '1526399162', '4b75e86956eaf916e9b329ae8fcaf45b1bd9ade1', 0, 1),
(49, '2018-05-16 09:17:43', '157.50.32.16', 1, '1526619583', 'Mozilla/5.0 (Windows NT 6.1) AppleWebKit/537.36 (KHTML, like Gecko) Chrome/65.0.3325.162 Safari/537.36', '2018-05-16 10:34:12', 1, '1526447052', '38552f9a254f84464e4c6ca51956e5664f2f9d33', 0, 1),
(50, '2018-05-18 09:54:25', '103.207.5.26', 1, '1526988985', 'Mozilla/5.0 (Windows NT 6.1) AppleWebKit/537.36 (KHTML, like Gecko) Chrome/66.0.3359.139 Safari/537.36', '2018-05-18 13:03:36', 1, '1526628816', '6d541c4ffffa9fb40f2ca1bcc4f1e098d69c0fa8', 0, 1),
(51, '2018-05-18 15:44:25', '103.207.5.26', 1, '1526693185', 'Mozilla/5.0 (Windows NT 6.1) AppleWebKit/537.36 (KHTML, like Gecko) Chrome/66.0.3359.181 Safari/537.36', '2018-05-18 15:49:19', 1, '1526638759', 'a84d51d3b1f8be769a97f70375ff95a9baf0fe82', 0, 1),
(52, '2018-05-22 12:10:17', '103.207.5.26', 1, '1526972657', 'Mozilla/5.0 (Windows NT 6.1) AppleWebKit/537.36 (KHTML, like Gecko) Chrome/66.0.3359.181 Safari/537.36', '2018-05-22 12:10:17', 1, '1526971217', '0bce790b255e8ef0518e26e3655f764634b932b3', 0, 1),
(53, '2018-05-22 12:10:18', '103.207.5.26', 1, '1526982738', 'Mozilla/5.0 (Windows NT 6.1) AppleWebKit/537.36 (KHTML, like Gecko) Chrome/66.0.3359.181 Safari/537.36', '2018-05-22 12:27:23', 1, '1526972243', '174bf6c013c48bec7855cd701f6d0b4b7f4dfd6d', 0, 1),
(54, '2018-05-22 15:46:22', '103.207.5.26', 1, '1527000022', 'Mozilla/5.0 (Windows NT 6.1) AppleWebKit/537.36 (KHTML, like Gecko) Chrome/66.0.3359.181 Safari/537.36', '2018-05-22 15:50:50', 1, '1526984450', '7350b45e001c831e9b9f867fa3a50d6533dcaa80', 0, 1),
(55, '2018-05-22 16:14:35', '103.207.5.26', 1, '1527004595', 'Mozilla/5.0 (Windows NT 6.1) AppleWebKit/537.36 (KHTML, like Gecko) Chrome/66.0.3359.181 Safari/537.36', '2018-05-22 16:19:06', 1, '1526986146', '2b0f086e752d90e42b80e436b5cec58e65f1bcb2', 0, 1),
(56, '2018-05-24 15:10:27', '103.207.5.26', 1, '1527179307', 'Mozilla/5.0 (Windows NT 6.1) AppleWebKit/537.36 (KHTML, like Gecko) Chrome/66.0.3359.181 Safari/537.36', '2018-05-24 15:15:33', 1, '1527155133', '2833ee8cea909dafe13f18b2b9fca28de05b5065', 0, 1),
(57, '2018-06-09 15:28:59', '103.207.5.26', 1, '1528568579', 'Mozilla/5.0 (Windows NT 6.1) AppleWebKit/537.36 (KHTML, like Gecko) Chrome/66.0.3359.181 Safari/537.36', '2018-06-09 15:35:57', 1, '1528538757', '4f5832a94e503e5571556b0639b2a4827db77842', 0, 1),
(58, '2018-06-20 14:42:17', '103.207.5.26', 1, '1529516177', 'Mozilla/5.0 (Windows NT 6.1) AppleWebKit/537.36 (KHTML, like Gecko) Chrome/67.0.3396.87 Safari/537.36', '2018-06-20 14:55:27', 1, '1529486727', '6f774fa8a919d788a6c7b4f79ded7f6683c69e02', 0, 1),
(59, '2018-10-03 11:19:26', '103.207.5.26', 1, '1538565926', 'Mozilla/5.0 (Windows NT 6.1) AppleWebKit/537.36 (KHTML, like Gecko) Chrome/69.0.3497.100 Safari/537.36', '2018-10-03 11:22:21', 1, '1538545941', '9671232a8ec5121bb55808ef333b83ef5b223eb2', 0, 1),
(60, '2019-03-02 17:01:00', '103.207.5.26', 1, '1551540660', 'Mozilla/5.0 (Windows NT 6.1) AppleWebKit/537.36 (KHTML, like Gecko) Chrome/72.0.3626.119 Safari/537.36', '2019-03-02 17:03:09', 1, '1551526389', '214e1039a71b349fe19977ccf332b5d21889c6e9', 0, 1),
(61, '2019-03-28 14:12:36', '103.207.5.26', 1, '1553833116', 'Mozilla/5.0 (Windows NT 6.1) AppleWebKit/537.36 (KHTML, like Gecko) Chrome/73.0.3683.86 Safari/537.36', '2019-03-28 14:32:57', 1, '1553763777', 'be902b0d0a73d0b3de4d8e70db089287a6facf06', 0, 1),
(62, '2019-03-30 16:49:19', '103.207.5.26', 1, '1554222679', 'Mozilla/5.0 (Windows NT 6.1) AppleWebKit/537.36 (KHTML, like Gecko) Chrome/73.0.3683.86 Safari/537.36', '2019-03-30 17:21:06', 1, '1553946666', '8bee940d50f9e9d544e77c8c43fed04a873a2d92', 0, 1),
(63, '2019-04-01 11:34:29', '103.207.5.26', 1, '1554462989', 'Mozilla/5.0 (Windows NT 6.1) AppleWebKit/537.36 (KHTML, like Gecko) Chrome/73.0.3683.86 Safari/537.36', '2019-04-01 14:19:37', 1, '1554108577', '727ed95d2dc745fd7fcbad6e5a41585eeae900f7', 0, 1),
(64, '2019-04-01 12:07:52', '103.110.238.118', 1, '1554149632', 'Mozilla/5.0 (Windows NT 6.1; Win64; x64; rv:66.0) Gecko/20100101 Firefox/66.0', '2019-04-01 12:11:58', 1, '1554100918', 'a18ccb9adaff8e72235d3f82853212886fad67dc', 0, 1),
(65, '2019-04-02 11:42:49', '103.207.5.26', 1, '1554188449', 'Mozilla/5.0 (Windows NT 6.1) AppleWebKit/537.36 (KHTML, like Gecko) Chrome/73.0.3683.86 Safari/537.36', '2019-04-02 11:42:57', 1, '1554185577', 'cccde547fbd8256ca83446be2a2d7f967dee8f43', 0, 1),
(66, '2019-04-02 11:42:57', '103.207.5.26', 1, '1554221577', 'Mozilla/5.0 (Windows NT 6.1) AppleWebKit/537.36 (KHTML, like Gecko) Chrome/73.0.3683.86 Safari/537.36', '2019-04-02 11:45:50', 1, '1554185750', 'cccde547fbd8256ca83446be2a2d7f967dee8f43', 0, 1),
(67, '2019-04-02 11:45:56', '103.207.5.26', 1, '1554200156', 'Mozilla/5.0 (Windows NT 6.1) AppleWebKit/537.36 (KHTML, like Gecko) Chrome/73.0.3683.86 Safari/537.36', '2019-04-02 11:59:18', 1, '1554186558', 'cccde547fbd8256ca83446be2a2d7f967dee8f43', 0, 1),
(68, '2019-04-02 11:54:43', '103.110.238.118', 1, '1554197803', 'Mozilla/5.0 (Windows NT 10.0; Win64; x64) AppleWebKit/537.36 (KHTML, like Gecko) Chrome/73.0.3683.86 Safari/537.36', '2019-04-02 11:57:46', 1, '1554186466', '36e9a1c9bb72b63c780c575a53259cf1522effa8', 0, 1),
(69, '2019-04-02 11:58:32', '117.96.222.90', 1, '1554219632', 'Mozilla/5.0 (Windows NT 6.2; Win64; x64) AppleWebKit/537.36 (KHTML, like Gecko) Chrome/73.0.3683.86 Safari/537.36', '2019-04-02 11:59:42', 1, '1554186582', '8f2d31b4ce611f1ab7d1c2a08ce89fedca8616ea', 0, 1),
(70, '2019-04-02 12:54:18', '::1', 1, '1554207138', 'Mozilla/5.0 (Windows NT 6.2; Win64; x64) AppleWebKit/537.36 (KHTML, like Gecko) Chrome/73.0.3683.86 Safari/537.36', '2019-04-02 12:54:37', 1, '1554189877', '5861aefb3fa9cbd10f5d6702256fe78bf151de84', 0, 1),
(71, '2019-04-02 14:21:21', '::1', 1, '1554236841', 'Mozilla/5.0 (Windows NT 6.2; Win64; x64) AppleWebKit/537.36 (KHTML, like Gecko) Chrome/73.0.3683.86 Safari/537.36', '2019-04-02 15:01:31', 1, '1554197491', 'b04999ec97c981aaf946792b73baf702f3f76c46', 0, 1),
(72, '2019-04-03 14:35:49', '::1', 1, '1554338509', 'Mozilla/5.0 (Windows NT 6.1; Win64; x64) AppleWebKit/537.36 (KHTML, like Gecko) Chrome/73.0.3683.86 Safari/537.36', '2019-04-03 14:42:29', 1, '1554282749', '8dd2292ef5803dc5e5698d89293c55394ae093a3', 0, 1),
(73, '2019-04-03 14:42:59', '::1', 1, '1554300059', 'Mozilla/5.0 (Windows NT 6.1; Win64; x64) AppleWebKit/537.36 (KHTML, like Gecko) Chrome/73.0.3683.86 Safari/537.36', '2019-04-03 14:43:38', 1, '1554282818', '1e483e5bb2f802e5b18dfae1ab714934f2e13313', 0, 1),
(74, '2019-04-03 15:48:57', '::1', 1, '1554299697', 'Mozilla/5.0 (Windows NT 6.1; Win64; x64) AppleWebKit/537.36 (KHTML, like Gecko) Chrome/73.0.3683.86 Safari/537.36', '2019-04-03 15:49:19', 1, '1554286759', '38563225ace9bd4096cede1901bf4d686f5bd66b', 0, 1),
(75, '2019-04-24 13:37:04', '::1', 1, '1556101864', 'Mozilla/5.0 (Windows NT 6.1; Win64; x64) AppleWebKit/537.36 (KHTML, like Gecko) Chrome/73.0.3683.103 Safari/537.36', '2019-04-24 13:37:30', 1, '1556093250', '6d8a02af976441537bdcd871c08e798ae495f51e', 0, 1),
(76, '2019-04-24 13:44:26', '::1', 1, '1556097986', 'Mozilla/5.0 (Windows NT 6.1; Win64; x64) AppleWebKit/537.36 (KHTML, like Gecko) Chrome/73.0.3683.103 Safari/537.36', '2019-04-24 13:46:05', 1, '1556093765', 'c810f70deb18ae89c575ea228f3ee967804f201a', 0, 1),
(77, '2019-04-24 13:49:17', '::1', 1, '1556105477', 'Mozilla/5.0 (Windows NT 6.1; Win64; x64) AppleWebKit/537.36 (KHTML, like Gecko) Chrome/73.0.3683.103 Safari/537.36', '2019-04-24 13:50:25', 1, '1556094025', 'a34c91c3cc3a94b1b46d974e88b532a40702a8ff', 0, 1),
(78, '2019-04-24 13:59:36', '::1', 1, '1556120496', 'Mozilla/5.0 (Windows NT 6.1; Win64; x64) AppleWebKit/537.36 (KHTML, like Gecko) Chrome/73.0.3683.103 Safari/537.36', '2019-04-24 14:02:11', 1, '1556094731', 'c20587f9083f4bca0803da8ce93630e58728649b', 0, 1),
(79, '2019-04-24 14:07:38', '::1', 1, '1556108018', 'Mozilla/5.0 (Windows NT 6.1; Win64; x64) AppleWebKit/537.36 (KHTML, like Gecko) Chrome/73.0.3683.103 Safari/537.36', '2019-04-24 14:08:19', 1, '1556095099', '801535f892945f75880cb91dd07840ff3b27a3ff', 0, 1),
(80, '2019-06-18 15:52:56', '::1', 1, '1560867776', 'Mozilla/5.0 (Windows NT 6.2; Win64; x64) AppleWebKit/537.36 (KHTML, like Gecko) Chrome/74.0.3729.169 Safari/537.36', '2019-06-18 15:56:28', 1, '1560853588', '5c8e35f5323e8d74a251d579f593f14813efbffc', 0, 1),
(81, '2019-06-18 16:48:35', '::1', 1, '1560927275', 'Mozilla/5.0 (Windows NT 6.2; Win64; x64) AppleWebKit/537.36 (KHTML, like Gecko) Chrome/74.0.3729.169 Safari/537.36', '2019-06-18 17:14:45', 1, '1560858285', 'abc4072b202730272bf088386e625c0991acb4a3', 0, 1),
(82, '2019-06-19 09:22:05', '::1', 1, '1561410245', 'Mozilla/5.0 (Windows NT 6.2; Win64; x64) AppleWebKit/537.36 (KHTML, like Gecko) Chrome/74.0.3729.169 Safari/537.36', '2019-06-19 17:04:41', 1, '1560944081', '3e471e779a564327804f6e532588d7f17984ae43', 0, 1),
(83, '2019-06-19 17:04:50', '::1', 1, '1561088090', 'Mozilla/5.0 (Windows NT 6.2; Win64; x64) AppleWebKit/537.36 (KHTML, like Gecko) Chrome/74.0.3729.169 Safari/537.36', '2019-06-19 17:51:30', 1, '1560946890', '11babc5d527c8c3cef3890a4edc52f9ffef3afe0', 0, 1),
(84, '2019-06-20 09:40:09', '::1', 1, '1561968609', 'Mozilla/5.0 (Windows NT 6.2; Win64; x64) AppleWebKit/537.36 (KHTML, like Gecko) Chrome/74.0.3729.169 Safari/537.36', '2019-06-20 17:55:54', 1, '1561033554', '3bec804c181e7f4b7bf94be869edc702c33f6823', 0, 1),
(85, '2019-06-21 09:14:06', '::1', 1, '1561882086', 'Mozilla/5.0 (Windows NT 6.2; Win64; x64) AppleWebKit/537.36 (KHTML, like Gecko) Chrome/74.0.3729.169 Safari/537.36', '2019-06-21 17:54:57', 1, '1561119897', 'f04dfe83f7e2270238ce41de0d13ae4649a7183b', 0, 1),
(86, '2019-06-22 09:07:10', '::1', 1, '1561367590', 'Mozilla/5.0 (Windows NT 6.2; Win64; x64) AppleWebKit/537.36 (KHTML, like Gecko) Chrome/74.0.3729.169 Safari/537.36', '2019-06-22 13:07:16', 1, '1561189036', '476c27954bb01afbc571f5d7897236e0499d5d3b', 0, 1),
(87, '2019-06-22 14:21:04', '::1', 1, '1561369144', 'Mozilla/5.0 (Windows NT 6.2; Win64; x64) AppleWebKit/537.36 (KHTML, like Gecko) Chrome/74.0.3729.169 Safari/537.36', '2019-06-22 17:54:50', 1, '1561206290', 'f028bd9222fd7bb13396d7c137c2a64283a71940', 0, 1),
(88, '2019-06-24 09:27:28', '::1', 1, '1561737448', 'Mozilla/5.0 (Windows NT 6.2; Win64; x64) AppleWebKit/537.36 (KHTML, like Gecko) Chrome/75.0.3770.100 Safari/537.36', '2019-06-24 17:56:20', 1, '1561379180', '4a18bb9ac008086edb6b7383b2c17c7a7e4ef324', 0, 1),
(89, '2019-06-25 09:04:12', '::1', 1, '1562015412', 'Mozilla/5.0 (Windows NT 6.2; Win64; x64) AppleWebKit/537.36 (KHTML, like Gecko) Chrome/75.0.3770.100 Safari/537.36', '2019-06-25 17:55:56', 1, '1561465556', '7fe39183d69e9fa487f61b73e808fb2b03dae379', 0, 1),
(90, '2019-06-26 09:15:33', '::1', 1, '1561918173', 'Mozilla/5.0 (Windows NT 6.2; Win64; x64) AppleWebKit/537.36 (KHTML, like Gecko) Chrome/75.0.3770.100 Safari/537.36', '2019-06-26 17:57:40', 1, '1561552060', '3d80499a7223f67379213a8777aa781cecd546e0', 0, 1),
(91, '2019-06-27 09:23:57', '::1', 1, '1561709877', 'Mozilla/5.0 (Windows NT 6.2; Win64; x64) AppleWebKit/537.36 (KHTML, like Gecko) Chrome/75.0.3770.100 Safari/537.36', '2019-06-27 10:03:25', 1, '1561610005', '924544c0d6efb6a4a284138b9f6b09d6f4e9d7ee', 0, 1),
(92, '2019-06-27 10:07:28', '::1', 1, '1561616008', 'Mozilla/5.0 (Windows NT 6.2; Win64; x64) AppleWebKit/537.36 (KHTML, like Gecko) Chrome/75.0.3770.100 Safari/537.36', '2019-06-27 10:07:37', 1, '1561610257', '9d51080201beb7924f33c748653d013ff142728a', 0, 1),
(93, '2019-06-27 10:07:37', '::1', 1, '1561905457', 'Mozilla/5.0 (Windows NT 6.2; Win64; x64) AppleWebKit/537.36 (KHTML, like Gecko) Chrome/75.0.3770.100 Safari/537.36', '2019-06-27 11:44:55', 1, '1561616095', '9d51080201beb7924f33c748653d013ff142728a', 0, 1),
(94, '2019-06-27 11:59:07', '::1', 1, '1561965427', 'Mozilla/5.0 (Windows NT 6.2; Win64; x64) AppleWebKit/537.36 (KHTML, like Gecko) Chrome/75.0.3770.100 Safari/537.36', '2019-06-27 14:56:07', 1, '1561627567', '7a2c802fcd531d30a7e98ea4fc6af2d0c50946e8', 0, 1),
(95, '2019-06-27 14:59:08', '::1', 1, '1562261348', 'Mozilla/5.0 (Windows NT 6.2; Win64; x64) AppleWebKit/537.36 (KHTML, like Gecko) Chrome/75.0.3770.100 Safari/537.36', '2019-06-27 17:56:32', 1, '1561638392', 'b49d7f708d29d24822b4f22ccedb801ee49d1a6b', 0, 1),
(96, '2019-06-28 09:20:21', '::1', 1, '1561703901', 'Mozilla/5.0 (Windows NT 6.2; Win64; x64) AppleWebKit/537.36 (KHTML, like Gecko) Chrome/75.0.3770.100 Safari/537.36', '2019-06-28 09:20:45', 1, '1561693845', 'bb937ee050290ea4b76d46c205116481ea05f395', 0, 1),
(97, '2019-06-28 09:24:06', '::1', 1, '1562307486', 'Mozilla/5.0 (Windows NT 6.2; Win64; x64) AppleWebKit/537.36 (KHTML, like Gecko) Chrome/75.0.3770.100 Safari/537.36', '2019-06-28 17:40:56', 1, '1561723856', 'bb937ee050290ea4b76d46c205116481ea05f395', 0, 1),
(98, '2019-06-29 09:29:09', '::1', 1, '1563024909', 'Mozilla/5.0 (Windows NT 6.2; Win64; x64) AppleWebKit/537.36 (KHTML, like Gecko) Chrome/75.0.3770.100 Safari/537.36', '2019-06-29 21:14:16', 1, '1561823056', '16cbe93539656e1c327d8c2015025237e734a472', 0, 1),
(99, '2019-07-01 09:14:45', '::1', 1, '1562746125', 'Mozilla/5.0 (Windows NT 6.2; Win64; x64) AppleWebKit/537.36 (KHTML, like Gecko) Chrome/75.0.3770.100 Safari/537.36', '2019-07-01 17:55:21', 1, '1561983921', '4f3eccf882b27356beb6f5397d1d8e9a52bd2c39', 0, 1),
(100, '2019-07-02 09:11:14', '::1', 1, '1562928794', 'Mozilla/5.0 (Windows NT 6.2; Win64; x64) AppleWebKit/537.36 (KHTML, like Gecko) Chrome/75.0.3770.100 Safari/537.36', '2019-07-02 14:39:28', 1, '1562058568', 'a752555de5e345c87a77638690677966e0a7fe27', 0, 1),
(101, '2019-07-02 14:58:48', '::1', 1, '1562068368', 'Mozilla/5.0 (Windows NT 6.2; Win64; x64) AppleWebKit/537.36 (KHTML, like Gecko) Chrome/75.0.3770.100 Safari/537.36', '2019-07-02 14:59:20', 1, '1562059760', '0e16ec8d51efba9e29ed8facfda0f6d16c31ced6', 0, 1),
(102, '2019-07-03 09:10:27', '::1', 1, '1562128107', 'Mozilla/5.0 (Windows NT 6.2; Win64; x64) AppleWebKit/537.36 (KHTML, like Gecko) Chrome/75.0.3770.100 Safari/537.36', '2019-07-03 09:10:27', 1, '1562125227', 'beb5242ed9ce9fc9019a066cf842065079e8b516', 0, 1),
(103, '2019-07-03 09:14:33', '::1', 1, '1562131233', 'Mozilla/5.0 (Windows NT 6.2; Win64; x64) AppleWebKit/537.36 (KHTML, like Gecko) Chrome/75.0.3770.100 Safari/537.36', '2019-07-03 09:14:36', 1, '1562125476', '47ae31ff278bc3cd38d65f510ddd801e4a885e7a', 0, 1),
(104, '2019-07-03 09:39:18', '::1', 1, '1562132718', 'Mozilla/5.0 (Windows NT 6.2; Win64; x64) AppleWebKit/537.36 (KHTML, like Gecko) Chrome/75.0.3770.100 Safari/537.36', '2019-07-03 09:39:20', 1, '1562126960', 'bada6c277f60b90f5dc0ece8add8a1ce0853e3d0', 0, 1),
(105, '2019-07-03 09:45:27', '::1', 1, '1562140287', 'Mozilla/5.0 (Windows NT 6.2; Win64; x64) AppleWebKit/537.36 (KHTML, like Gecko) Chrome/75.0.3770.100 Safari/537.36', '2019-07-03 09:45:53', 1, '1562127353', '6b5e08d91cbd77cf7771a9244a24f38abb0a9900', 0, 1),
(106, '2019-07-03 18:27:11', '::1', 1, '1562219111', 'Mozilla/5.0 (Windows NT 6.1; Win64; x64) AppleWebKit/537.36 (KHTML, like Gecko) Chrome/75.0.3770.100 Safari/537.36', '2019-07-03 18:35:45', 1, '1562159145', '5b64ad49c29e4670773c39e47487f42b53da2e0a', 0, 1),
(107, '2019-07-03 18:39:44', '::1', 1, '1562166584', 'Mozilla/5.0 (Windows NT 6.1; Win64; x64) AppleWebKit/537.36 (KHTML, like Gecko) Chrome/75.0.3770.100 Safari/537.36', '2019-07-03 18:41:12', 1, '1562159472', 'c298f8623748243c88282be97c098550ca8c063a', 0, 1),
(108, '2019-07-03 19:04:47', '::1', 1, '1562191127', 'Mozilla/5.0 (Windows NT 6.1; Win64; x64) AppleWebKit/537.36 (KHTML, like Gecko) Chrome/75.0.3770.100 Safari/537.36', '2019-07-03 19:21:53', 1, '1562161913', 'fc4f8e53216fe0583693cd6a083f721ffb64edf8', 0, 1),
(109, '2019-07-03 19:51:09', '122.178.83.85', 1, '1562301909', 'Mozilla/5.0 (Windows NT 6.1; Win64; x64) AppleWebKit/537.36 (KHTML, like Gecko) Chrome/75.0.3770.100 Safari/537.36', '2019-07-03 20:45:52', 1, '1562166952', 'a01123386a72a1e7c38fce6d40eb0872f6030742', 0, 1),
(110, '2019-07-03 20:41:41', '210.16.85.150', 1, '1562171021', 'Mozilla/5.0 (Windows NT 10.0; Win64; x64) AppleWebKit/537.36 (KHTML, like Gecko) Chrome/75.0.3770.100 Safari/537.36', '2019-07-03 20:41:46', 1, '1562166706', 'd9fc33bd82ce0bdcaca367ce1ca7c9c7f246f71b', 0, 1),
(111, '2019-07-03 20:49:54', '210.16.85.150', 1, '1562171514', 'Mozilla/5.0 (Windows NT 10.0; Win64; x64) AppleWebKit/537.36 (KHTML, like Gecko) Chrome/75.0.3770.100 Safari/537.36', '2019-07-03 20:50:05', 1, '1562167205', '92311ef852d0b3851b6aef1b8ec436e7cf6901a3', 0, 1),
(112, '2019-07-03 21:19:10', '42.111.156.139', 1, '1562176150', 'Mozilla/5.0 (Linux; Android 5.1.1; Redmi Note 3) AppleWebKit/537.36 (KHTML, like Gecko) Chrome/74.0.3729.157 Mobile Safari/537.36', '2019-07-03 21:19:48', 1, '1562168988', '1b309571708997824663fbae3596e78bd341eafd', 0, 1),
(113, '2019-07-04 09:11:23', '122.178.30.154', 1, '1562279363', 'Mozilla/5.0 (Windows NT 6.2; Win64; x64) AppleWebKit/537.36 (KHTML, like Gecko) Chrome/75.0.3770.100 Safari/537.36', '2019-07-04 09:34:55', 1, '1562213095', 'd51c33463b887b9ba08bc31b488994b905636b7e', 0, 1),
(114, '2019-07-04 10:00:10', '210.16.85.150', 1, '1562273650', 'Mozilla/5.0 (Windows NT 10.0; Win64; x64) AppleWebKit/537.36 (KHTML, like Gecko) Chrome/75.0.3770.100 Safari/537.36', '2019-07-04 10:33:52', 1, '1562216632', '35cfd3bc25d1f7df202fc979c9520509d728b7f6', 0, 1),
(115, '2019-07-04 11:10:19', '103.21.79.193', 1, '1562260579', 'Mozilla/5.0 (Windows NT 6.1) AppleWebKit/537.36 (KHTML, like Gecko) Chrome/75.0.3770.100 Safari/537.36', '2019-07-04 11:16:30', 1, '1562219190', '8b99151878d67bd17d242db14061ca9bd109bb14', 0, 1),
(116, '2019-07-04 11:39:06', '::1', 1, '1562247906', 'Mozilla/5.0 (Windows NT 6.2; Win64; x64) AppleWebKit/537.36 (KHTML, like Gecko) Chrome/75.0.3770.100 Safari/537.36', '2019-07-04 11:41:51', 1, '1562220711', 'affaa427ffff19b9b78d79fd5dde36efad1e7287', 0, 1),
(117, '2019-07-04 11:44:45', '::1', 1, '1562230965', 'Mozilla/5.0 (Windows NT 6.2; Win64; x64) AppleWebKit/537.36 (KHTML, like Gecko) Chrome/75.0.3770.100 Safari/537.36', '2019-07-04 11:45:01', 1, '1562220901', '3712c9e3d187a603a95970da61ac923107b68b7f', 0, 1),
(118, '2019-07-04 11:50:05', '::1', 1, '1562284565', 'Mozilla/5.0 (Windows NT 6.2; Win64; x64) AppleWebKit/537.36 (KHTML, like Gecko) Chrome/75.0.3770.100 Safari/537.36', '2019-07-04 11:59:00', 1, '1562221740', 'ec743c1c3b58273b1a52da566d83c276dff63630', 0, 1),
(119, '2019-07-04 11:59:00', '::1', 1, '1562331180', 'Mozilla/5.0 (Windows NT 6.2; Win64; x64) AppleWebKit/537.36 (KHTML, like Gecko) Chrome/75.0.3770.100 Safari/537.36', '2019-07-04 12:31:57', 1, '1562223717', '29f36bbd4d12d62be2843db08dace43f1eba00f7', 0, 1),
(120, '2019-07-04 14:47:02', '::1', 1, '1562287982', 'Mozilla/5.0 (Windows NT 6.2; Win64; x64) AppleWebKit/537.36 (KHTML, like Gecko) Chrome/75.0.3770.100 Safari/537.36', '2019-07-04 14:50:07', 1, '1562232007', '368df0703925a3de0e3e66c5c5fd86475565d6ac', 0, 1),
(121, '2019-07-04 14:51:46', '::1', 1, '1562279626', 'Mozilla/5.0 (Windows NT 6.2; Win64; x64) AppleWebKit/537.36 (KHTML, like Gecko) Chrome/75.0.3770.100 Safari/537.36', '2019-07-04 14:56:39', 1, '1562232399', 'f57f6ec62675ddbd2e6daba8ac614ab91b5df013', 0, 1),
(122, '2019-07-04 15:07:58', '::1', 1, '1562333878', 'Mozilla/5.0 (Windows NT 6.2; Win64; x64) AppleWebKit/537.36 (KHTML, like Gecko) Chrome/75.0.3770.100 Safari/537.36', '2019-07-04 15:45:20', 1, '1562235320', '847d908dc7ebddf9a6bd4654dcda6f2bd4c1523f', 0, 1),
(123, '2019-07-05 09:43:38', '::1', 1, '1562347538', 'Mozilla/5.0 (Windows NT 6.2; Win64; x64) AppleWebKit/537.36 (KHTML, like Gecko) Chrome/75.0.3770.100 Safari/537.36', '2019-07-05 10:06:48', 1, '1562301408', 'be89756de487f39cddab65fc1f7f4fb0cdde56bc', 0, 1),
(124, '2019-07-05 10:34:50', '::1', 1, '1562308850', 'Mozilla/5.0 (Windows NT 6.2; Win64; x64) AppleWebKit/537.36 (KHTML, like Gecko) Chrome/75.0.3770.100 Safari/537.36', '2019-07-05 10:34:55', 1, '1562303095', '8b18f133b1e89e0d14795ded0a0e53c532bf659c', 0, 1),
(125, '2019-07-06 09:59:40', '::1', 1, '1562388820', 'Mozilla/5.0 (Windows NT 6.2; Win64; x64) AppleWebKit/537.36 (KHTML, like Gecko) Chrome/75.0.3770.100 Safari/537.36', '2019-07-06 09:59:40', 1, '1562387380', '71493c2a481c7736b4a56b26a7a64a46a143e7fe', 0, 1),
(126, '2019-07-06 11:00:01', '::1', 1, '1562392441', 'Mozilla/5.0 (Windows NT 6.2; Win64; x64) AppleWebKit/537.36 (KHTML, like Gecko) Chrome/75.0.3770.100 Safari/537.36', '2019-07-06 11:00:01', 1, '1562391001', 'e66d0a0d852f9f9b7cdc2a1b636fd7653cf3d6b7', 0, 1),
(127, '2019-07-06 11:21:40', '::1', 1, '1562393740', 'Mozilla/5.0 (Windows NT 6.2; Win64; x64) AppleWebKit/537.36 (KHTML, like Gecko) Chrome/75.0.3770.100 Safari/537.36', '2019-07-06 11:21:40', 1, '1562392300', '6de8faa27c84742cf272f62650f8a448833eed09', 0, 1),
(128, '2019-07-06 12:09:07', '::1', 1, '1562396587', 'Mozilla/5.0 (Windows NT 6.2; Win64; x64) AppleWebKit/537.36 (KHTML, like Gecko) Chrome/75.0.3770.100 Safari/537.36', '2019-07-06 12:09:07', 1, '1562395147', 'b85c1bf5c7e368acc2102121572982c987165e22', 0, 1),
(129, '2019-07-06 12:42:21', '::1', 1, '1562398581', 'Mozilla/5.0 (Windows NT 6.2; Win64; x64) AppleWebKit/537.36 (KHTML, like Gecko) Chrome/75.0.3770.100 Safari/537.36', '2019-07-06 12:42:21', 1, '1562397141', 'f494138b4fd7221fe3eb86e6acc5d87a7cc61280', 0, 1),
(130, '2019-07-09 15:53:04', '::1', 1, '1562669224', 'Mozilla/5.0 (Windows NT 6.2; Win64; x64) AppleWebKit/537.36 (KHTML, like Gecko) Chrome/75.0.3770.100 Safari/537.36', '2019-07-09 15:53:04', 1, '1562667784', '78a5f9272e6f8428fe1667dfc27836f0fcd069de', 0, 1),
(131, '2019-07-09 15:57:30', '::1', 1, '1562669490', 'Mozilla/5.0 (Windows NT 6.2; Win64; x64) AppleWebKit/537.36 (KHTML, like Gecko) Chrome/75.0.3770.100 Safari/537.36', '2019-07-09 15:57:30', 1, '1562668050', '06dd9ce9651c40dfc30a301a177246442a30ed81', 0, 1),
(132, '2019-07-09 16:00:09', '::1', 1, '1562669649', 'Mozilla/5.0 (Windows NT 6.2; Win64; x64) AppleWebKit/537.36 (KHTML, like Gecko) Chrome/75.0.3770.100 Safari/537.36', '2019-07-09 16:00:09', 1, '1562668209', '06dd9ce9651c40dfc30a301a177246442a30ed81', 0, 1),
(133, '2019-07-09 16:08:07', '::1', 1, '1562670127', 'Mozilla/5.0 (Windows NT 6.2; Win64; x64) AppleWebKit/537.36 (KHTML, like Gecko) Chrome/75.0.3770.100 Safari/537.36', '2019-07-09 16:08:07', 1, '1562668687', '993eb068f32398de92df904e38427c0e622b07c3', 0, 1),
(134, '2019-07-09 16:18:09', '::1', 1, '1562682249', 'Mozilla/5.0 (Windows NT 6.2; Win64; x64) AppleWebKit/537.36 (KHTML, like Gecko) Chrome/75.0.3770.100 Safari/537.36', '2019-07-09 16:21:47', 1, '1562669507', 'adb82598a72b7666514e20d70c98be9ed2feb7ff', 0, 1),
(135, '2019-07-09 16:22:30', '::1', 1, '1562673870', 'Mozilla/5.0 (Windows NT 6.2; Win64; x64) AppleWebKit/537.36 (KHTML, like Gecko) Chrome/75.0.3770.100 Safari/537.36', '2019-07-09 16:22:30', 1, '1562669550', 'a4619b6dd2fc0cc35fec0bc759e55d8063a30ba0', 0, 1),
(136, '2019-07-09 16:32:51', '::1', 1, '1562674491', 'Mozilla/5.0 (Windows NT 6.2; Win64; x64) AppleWebKit/537.36 (KHTML, like Gecko) Chrome/75.0.3770.100 Safari/537.36', '2019-07-09 16:32:51', 1, '1562670171', '01c627a26fac8b6ea3bba39e9ab10d994b39c59d', 0, 1),
(137, '2019-07-09 16:46:12', '::1', 1, '1562694012', 'Mozilla/5.0 (Windows NT 6.2; Win64; x64) AppleWebKit/537.36 (KHTML, like Gecko) Chrome/75.0.3770.100 Safari/537.36', '2019-07-09 17:07:25', 1, '1562672245', '523b19bfd5b10716082fd55b7f6481de9236584d', 0, 1),
(138, '2019-07-09 17:08:01', '::1', 1, '1562696761', 'Mozilla/5.0 (Windows NT 6.2; Win64; x64) AppleWebKit/537.36 (KHTML, like Gecko) Chrome/75.0.3770.100 Safari/537.36', '2019-07-09 17:19:00', 1, '1562672940', 'e10bb90b1d397b0eb9271b4107672c311c49a269', 0, 1),
(139, '2019-07-09 17:23:14', '::1', 1, '1562733674', 'Mozilla/5.0 (Windows NT 6.2; Win64; x64) AppleWebKit/537.36 (KHTML, like Gecko) Chrome/75.0.3770.100 Safari/537.36', '2019-07-09 17:33:56', 1, '1562673836', '890c835897fa375331d3d6a68ffca025c0bd4c19', 0, 1),
(140, '2019-07-09 17:41:04', '::1', 1, '1562690104', 'Mozilla/5.0 (Windows NT 6.2; Win64; x64) AppleWebKit/537.36 (KHTML, like Gecko) Chrome/75.0.3770.100 Safari/537.36', '2019-07-09 17:55:23', 1, '1562675123', '130779bdca5db9db32f921bbb30bf563d78118d0', 0, 1),
(141, '2019-07-10 09:40:01', '::1', 1, '1562816761', 'Mozilla/5.0 (Windows NT 6.2; Win64; x64) AppleWebKit/537.36 (KHTML, like Gecko) Chrome/75.0.3770.100 Safari/537.36', '2019-07-10 10:18:56', 1, '1562734136', 'fb963d0ee44553d84380fe6e43b7aaa879a8d8ff', 0, 1),
(142, '2019-07-11 10:53:50', '::1', 1, '1562868710', 'Mozilla/5.0 (Windows NT 6.2; Win64; x64) AppleWebKit/537.36 (KHTML, like Gecko) Chrome/75.0.3770.100 Safari/537.36', '2019-07-11 11:10:27', 1, '1562823627', '52639452c0450b8d074f37444c7496e5f7ef78c4', 0, 1),
(143, '2019-07-11 11:29:45', '::1', 1, '1562906865', 'Mozilla/5.0 (Windows NT 6.2; Win64; x64) AppleWebKit/537.36 (KHTML, like Gecko) Chrome/75.0.3770.100 Safari/537.36', '2019-07-11 11:37:00', 1, '1562825220', '2455f6203edb9baedc8e053324617b0b6e14b531', 0, 1),
(144, '2019-07-11 11:41:33', '::1', 1, '1562839893', 'Mozilla/5.0 (Windows NT 6.2; Win64; x64) AppleWebKit/537.36 (KHTML, like Gecko) Chrome/75.0.3770.100 Safari/537.36', '2019-07-11 11:43:16', 1, '1562825596', '4491222371d6848e8856d25ab59c42c090f7bb89', 0, 1),
(145, '2019-08-02 11:43:22', '::1', 1, '1564736482', 'Mozilla/5.0 (Windows NT 6.2; Win64; x64) AppleWebKit/537.36 (KHTML, like Gecko) Chrome/75.0.3770.142 Safari/537.36', '2019-08-02 11:43:36', 1, '1564726416', '009eeb8a17ee51e195e067f596ecda66d51ac15d', 0, 1);

-- --------------------------------------------------------

--
-- Table structure for table `mam_page`
--

DROP TABLE IF EXISTS `mam_page`;
CREATE TABLE IF NOT EXISTS `mam_page` (
  `page_id` int(11) NOT NULL AUTO_INCREMENT,
  `page_name` varchar(100) NOT NULL,
  `page_url` varchar(100) NOT NULL,
  `page_removed` int(11) NOT NULL,
  PRIMARY KEY (`page_id`)
) ENGINE=InnoDB AUTO_INCREMENT=5 DEFAULT CHARSET=latin1;

--
-- Dumping data for table `mam_page`
--

INSERT INTO `mam_page` (`page_id`, `page_name`, `page_url`, `page_removed`) VALUES
(1, 'home', 'home', 0),
(2, 'patient_queue', 'patient_queue', 0),
(3, 'user_profile', 'user_profile', 0),
(4, 'patient', 'patient', 0);

-- --------------------------------------------------------

--
-- Table structure for table `mam_permission`
--

DROP TABLE IF EXISTS `mam_permission`;
CREATE TABLE IF NOT EXISTS `mam_permission` (
  `permission_id` int(11) NOT NULL AUTO_INCREMENT,
  `page_id` int(11) NOT NULL,
  `user_group` int(11) NOT NULL,
  `redirect_page` varchar(100) NOT NULL,
  PRIMARY KEY (`permission_id`)
) ENGINE=InnoDB AUTO_INCREMENT=7 DEFAULT CHARSET=latin1;

--
-- Dumping data for table `mam_permission`
--

INSERT INTO `mam_permission` (`permission_id`, `page_id`, `user_group`, `redirect_page`) VALUES
(1, 1, 2, 'home'),
(2, 2, 2, ''),
(3, 2, 3, ''),
(4, 3, 2, ''),
(5, 3, 3, ''),
(6, 4, 3, '');

-- --------------------------------------------------------

--
-- Table structure for table `mam_starter`
--

DROP TABLE IF EXISTS `mam_starter`;
CREATE TABLE IF NOT EXISTS `mam_starter` (
  `strId` int(11) NOT NULL AUTO_INCREMENT,
  `strName` varchar(150) NOT NULL,
  `strPhone` bigint(15) NOT NULL,
  `strEmail` varchar(150) NOT NULL,
  PRIMARY KEY (`strId`)
) ENGINE=MyISAM AUTO_INCREMENT=12 DEFAULT CHARSET=latin1;

--
-- Dumping data for table `mam_starter`
--

INSERT INTO `mam_starter` (`strId`, `strName`, `strPhone`, `strEmail`) VALUES
(1, 'test', 9876543210, 'test@exp.com'),
(2, 'test', 9876543210, 'test@exp.com'),
(3, 'test', 9876543210, 'test@exp.com'),
(4, 'test1', 9500572649, 'sample@exp.com'),
(5, 'test2', 9500572649, 'sample@exp.com'),
(6, 'test1', 9500572649, 'sample@ex.com'),
(7, 'test1', 8608896859, 'balaaravindh96@gmail.com'),
(8, 'test1', 9500572649, 'balaaravindh96@gmail.com'),
(9, 'test1', 9500572649, 'balaaravindh96@gmail.com'),
(10, 'test1', 9500572649, 'sample@gmail.com'),
(11, 'test1', 8608896859, 'sample@exp.com');

-- --------------------------------------------------------

--
-- Table structure for table `mam_user`
--

DROP TABLE IF EXISTS `mam_user`;
CREATE TABLE IF NOT EXISTS `mam_user` (
  `user_id` int(11) NOT NULL AUTO_INCREMENT,
  `doc_info_id` int(11) NOT NULL DEFAULT 0,
  `user_name` varchar(300) NOT NULL,
  `user_fname` varchar(300) NOT NULL,
  `user_lname` varchar(300) NOT NULL,
  `user_password` varchar(500) NOT NULL,
  `user_email` varchar(300) NOT NULL,
  `user_phone` varchar(50) NOT NULL,
  `user_picture` varchar(300) NOT NULL,
  `user_group` int(11) NOT NULL,
  `user_rememberhit` varchar(500) NOT NULL,
  `remember_hit_valid_upto` date NOT NULL,
  `user_removed` int(11) NOT NULL DEFAULT 0,
  PRIMARY KEY (`user_id`)
) ENGINE=InnoDB AUTO_INCREMENT=2 DEFAULT CHARSET=latin1;

--
-- Dumping data for table `mam_user`
--

INSERT INTO `mam_user` (`user_id`, `doc_info_id`, `user_name`, `user_fname`, `user_lname`, `user_password`, `user_email`, `user_phone`, `user_picture`, `user_group`, `user_rememberhit`, `remember_hit_valid_upto`, `user_removed`) VALUES
(1, 0, 'lotusville', 'Admin', 'user', '6lt2VzOrR2b9HxIL8g+fQz44TkKF64gB9wzkc2Ntw27aozzphwZAAvNsTBrCFR67mkRIfCTL1Lqa00LPhLidMg==', 'info1@byzerotechnologies.com', '', '', 1, '', '0000-00-00', 0);

-- --------------------------------------------------------

--
-- Table structure for table `mam_usergroup`
--

DROP TABLE IF EXISTS `mam_usergroup`;
CREATE TABLE IF NOT EXISTS `mam_usergroup` (
  `usergroup_id` int(11) NOT NULL AUTO_INCREMENT,
  `usergroup_name` varchar(500) NOT NULL,
  `user_group_name_alias` varchar(20) NOT NULL,
  `usergroup_description` varchar(500) NOT NULL,
  `usergroup_removed` int(11) NOT NULL DEFAULT 0,
  PRIMARY KEY (`usergroup_id`)
) ENGINE=InnoDB AUTO_INCREMENT=5 DEFAULT CHARSET=latin1;

--
-- Dumping data for table `mam_usergroup`
--

INSERT INTO `mam_usergroup` (`usergroup_id`, `usergroup_name`, `user_group_name_alias`, `usergroup_description`, `usergroup_removed`) VALUES
(1, 'Admin User', '', 'Administrator', 0),
(2, 'Doctor', '', 'Secondary User', 0),
(3, 'Entry Operator', '', '', 0),
(4, 'Pharmacist', '', '', 0);
COMMIT;

/*!40101 SET CHARACTER_SET_CLIENT=@OLD_CHARACTER_SET_CLIENT */;
/*!40101 SET CHARACTER_SET_RESULTS=@OLD_CHARACTER_SET_RESULTS */;
/*!40101 SET COLLATION_CONNECTION=@OLD_COLLATION_CONNECTION */;
